Category,Skill,Experience
Data Science,"['Pandas', 'Numpy', 'Scipy', 'SCikit-learn', 'Matplotlib', 'Sql', 'Java', 'Javascript', 'Jquery', 'Machine Learning', 'SVM', 'Naive Bayes', 'KNN', 'Random Forest', 'Decision Trees', 'Boosting techniques', 'Cluster Analysis', 'Word Embedding', 'Sentiment Analysis', 'Natural Language Processing', 'Dimensionality reduction', 'Topic Modelling (LDA, NMF)', ' PCA & Neural Nets', 'Database Visualizations', 'Mysql', 'SqlServer', 'Cassandra', 'Hbase', 'ElasticSearch', 'Plotly', 'kibana',  'HTML', 'SqlServer', 'CSS', 'Bootstrap', 'Node.js', 'D3.js', 'DC.js', 'Ggplot', 'Tableau' 'Flask', 'Regular expressions', 'Angualr 6', 'Python', 'Database', 'Logstash', 'Kafka', 'Git', 'Docker', 'Open CV', 'Deep learning', 'Nltk', 'Spacy']"
Data Science,"['R', 'Python', 'SAP HANA', 'Tableau', 'SAP HANA', 'SQL', 'SAP HANA PAL', 'MS SQL', 'SAP Lumira', 'C#', 'Linear Programming', 'Data Modelling', 'Advance Analytics', 'SCM Analytics', 'Retail Analytics', 'Social Media Analytics', 'NLP', 'SCM', 'Deep Learning', 'Machine Learning', 'Sales', 'English', 'Tableau', 'Python', 'Time Series Forecasting', 'Design', 'Database', 'Anaconda3', 'indos Server', 'Visual Studio', 'Crm', 'Kpi', 'Communication', 'Financial reports', 'Etl', 'Analytics']"
Data Science,"['Python', 'Machine learning', 'Sklearn', 'Scipy', 'Keras', 'Regression Modelling', 'Research', 'Forecasting']"
Data Science,"['Software Development: inception, requirement specification, planning, designing, implementation, configuration and documentation', 'Programming Languages: Python, C++, Java, C', 'Database: MySql, Oracle, Sql', 'Libraries: Numpy, Pandas, Seaborn , Matplotlib, Cufflinks', 'Artificial Intelligence: Natural Language Processing, Deep Learning, Machine Learning, Unsupervised, Supervised, Reinforcement Learning, Cognitive Computing', 'Algorwithms: KNN, Decision Tree, Bias variance Trade off, Support vector Machine(SVM), Logistic Regression, Neural netwworks, Linear Regression, K-means clustering, Tensorflow, SVM', 'Development Environments: NetBeans, Notebooks, Sublime' , 'Cloud : GCP', 'Operating System: Linux, Ubuntu, indos', 'Natural Language Processing : Regular Expressions, Bluemix NLU API']"
Data Science,"['Programming Languages: Python, Java', 'Database: Sql, Mysql (Basics)', 'Machine Learning', 'Development Environments: Pycharm, Anaconda, Jupyter Notebook, Xampp, Java IDE-Eclipse, Gwithub (GitBash), LabVie ' , 'Framewwork: Django, Flask, LTSPICE-intermediate Languages and and MIPOER-intermediate', 'Operating System: indos, Ubuntu, Debian-Kali Linux']"
Data Science,"['Database', 'Java', 'Data Analysis', 'C', 'Data Structure', 'Python']"
Data Science,"['C', 'IOT', 'Python', 'MATLAB', 'Data Science', 'Machine Learning', 'HTML', 'Microsoft Word', 'Microsoft Excel', 'Microsoft PoWerpoint']"
Data Science,"['Excel', 'Statistics', 'Ai', 'Robotics', 'Python', 'Machine learning', 'Tableau', 'Analytics', 'Consulting', 'R', 'Data Visualization']"
Data Science,"['Deep Learning', 'Numpy', 'Pandas', 'Matplotlib', 'Mysql', 'Scikit learn', 'Sql', 'Python', 'Machine learning', 'NLP', 'Selenium', 'Beautiful Soup', 'Html', 'web Crawling', 'Web Scraping', 'Recurrent Neural Netwwork']"
HR,"['Communication', 'Finance', 'Typewriting', 'Theory of reasoned action', 'Statistical Package for the Social Sciences(SPSS)']"
HR,"['Interactive', 'indos XP', 'Ms Office (word, Excel: Look-ups; Pivot table; other basic functions ; Power Point)', 'Payroll Processing', 'Internet Applications', 'Administration', 'industry specific Policies, Procedure, Forms, Formats, Letters, Checklists etc', 'Coordination', 'Records Management', 'Statutory Compliance Management', 'Sales', 'Recruitment and Selection', 'Hospitality', 'Performance Management', 'Training and Development', 'Periodic Interactive sessions', 'Employee engagement']"
HR,"['Economics', 'HRIS (Human Resources Information System)', 'HR functions', 'employee lifecycle management', 'Clear and effective communication', 'ATS']"
HR,"['Communication']"
HR,"['Engineering']"
HR,"['Scrum', 'web programming', 'tally', 'Accounting', 'C', 'Ecommerce', 'Database', 'Finance', 'Communication']"
HR,"['Counsellor', 'Organizational Behaviour', 'Training']"
HR,"['Engineering', 'Administration', ' MS office', 'Microsoft Dynamics', 'AX software', 'SAIBA software', 'Attendance maintenance', 'Time cards maintenance', 'Staffs and labors individual records maintenance']"
HR,"['Computer science', 'Java', 'Engineering', 'Programming', 'C', 'C++', 'Database', 'Matlab', 'Communication']"
Advocate,"['Drafting','indos', 'MS. Office', 'Adaptability', 'Teamwwork', 'Legal Research', 'Legal Writing', 'Counseling', 'Negotiation', 'Case Management', 'Client Management']"
Advocate,"['Legal assistance', 'typing', 'legal research', 'legal writing']"
Advocate,"['Drafting', 'Filing', 'Legal ethics', 'Business Development']"
Advocate,['Legal']
Advocate,"['Litigation', 'Contracts', 'Microsoft Office', 'Internet Savvy', 'Legal Correspondence', 'Legal', 'Drafting']"
Advocate,"['Legal Research', 'Indos', 'administrative procedures', 'evidence rules and trials', 'Appellate Advocacy', 'International', 'Drafting', 'Language: English, Hindi, Punjabi', 'Contracts', 'Administration']"
Advocate,"['English', 'Legal Advisor']"
Advocate,"['Languages: Proficient in English, Hindi and Marathi', 'MS-Office', 'Internet operation', 'Criminal layer', 'Legal adviser']"
Advocate,"['Filing', 'Litigation', 'Banking', 'Legal Writing', 'Efficient researcher', 'Legal Education', 'Family Law', 'Criminal Defence', 'Environment law and litigation', 'Business legal issue', 'Banking Law', 'commercial law ', 'Mortgage']"
Advocate,"['Legal Writing', 'Legal Advise', 'Typing']"
Advocate,"['Legal Writing', 'Legal Research', 'Communication Skills']"
Arts,"['Marketing', 'Creativity', 'Drawing, Arts and Craft teacher']"
Arts,"['Social media', 'budgets management', 'performing arts (music, theatre and dance)', 'Administrative support', 'English', 'Recruitment', 'Programming and booking performances and events', 'Website', 'Marketing', 'Communication', 'Sourcing', 'Programming', 'Schedules', 'Reporting', 'Proposal', 'Advertising', 'Administration', 'Publishing', 'Partnership', 'Technical', 'Editorial']"
Arts,"['Pharmacy', 'Presentation', 'English', 'Hindi', 'Marathi', 'Marketing', 'Communication', 'Business Communication', 'Indos', 'MS Office']"
Arts,"['Operating System: indos XP, Vista', 'Creativity', 'painting', 'Drawing', 'Artist']"
Arts,"['Sports', 'Fitness', 'Martial Arts', 'Karate']"
Arts,"['Sports', 'Sci', 'Quick learning', 'adaptability', 'confidence']"
web Designing,"['PHP', 'Html5', 'Javascript', 'Sublime text', 'Css3', 'Mysql', 'Bootstrap', 'Ajax', 'Jquery', 'Operating systems: Indos']"
web Designing,"['AngularJS', 'Html5', 'CSS3', 'Bootstrap', 'SAAS', 'Jquery', 'Javascript', 'UI Design', 'Photoshop', 'International Client Interaction']"
web Designing,"['Web Designing', 'PHP']"
web Designing,"['Html5', 'Database', 'CSS3', 'Bootstrap', 'Photoshop', 'Corel Draw', 'Jquery', 'Sublime Text', 'Illustrator', 'Notepad', 'C', 'indos XP', 'indos 7', 'Agile', 'C++', 'Sdlc', 'Ui', 'Javascript', 'Graphics designing', 'Advertising', 'Presentation', 'Adobe']"
Mechanical Engineer,"['Microsoft Office -word ,Excel', 'Auto cad', 'Micro station', 'ERP' , '3d Modeling', 'Technical Recommendation', 'Sales', 'Project execution', 'Vendor development', 'supply chain Management', 'interacting with Vendors', 'Design', 'Instrumentation', 'Audit', 'Prototype', 'Automation', 'Training', 'Schedule', 'Invoices', 'Customer requirements', 'Standard operating procedures', 'Travel', 'Continuous improvement', 'Marketing', 'Mechanical Vibrations', 'Documentation', 'Invoicing', 'Machine Design', 'Manufacturing Processes', 'Supply chain management', 'Internal audit', 'Mechanics of Materials', 'Fabrication', 'Fluid Mechanics']"
Mechanical Engineer,"['Mechanical engineering', 'Autocad', 'Automotives', 'Automotive CNC', 'Engineering', 'Programming', 'Auto cad', 'English', 'Hindi', 'Marathi']"
Mechanical Engineer,['Engineering']
Mechanical Engineer,"['Microsoft Office', 'Catia', 'Autocad', 'Solidworks', 'Research assistance', 'ProE']"
Mechanical Engineer,"['Solidworks', 'Catia', 'Autocad', 'Design']"
Sales,"['Sales', 'Data Entry', 'Cold calling', 'Salesforce', 'MS Office', 'Communication', 'Presentation Skills', 'Leadership', 'Forecasting', 'Team Collaboration', 'Data Analysis', 'Market Research', 'CRM (Customer Relationship Management) Systems', 'Prospecting', 'Product/Service Knowledge']"
Sales,"['Planning', 'Strategizing', 'Presentation', 'Client relationship', 'Enquiry Generation', 'Ms Office', 'Sales', 'Marketing', 'Analytical', 'Communication']"
Sales,"['MS-Office', 'Communication', 'Convincing Power', 'Sales', 'Marketing', 'Customer sales management', 'Talent management', 'Direct sales management', 'Talent management', 'Finance', 'Marketing', 'Communication']"
Sales,"['Sales', 'MS Office', 'Marketing', 'Communication']"
Sales,"['Presentation', 'Sales', 'Sql server', 'Sql', 'Payroll', 'Photoshop']"
Health and fitness,"['MS Office', 'Indos', 'Excel','Human Anatomy and Physiology', 'Communication Skills', 'Customer Service', 'Nutrition Knowledge', 'Exercise', 'Fitness Assessment', 'Market Research', 'Training and Supervising', 'Sales', 'Administration', 'Facility and housekeeping']8"
Health and fitness,"['nutritionist', 'Fitness Assessment', 'Communication', 'Physiology', 'English', 'nutritionist', 'Injury Prevention and Rehabilitation','Sport-Specific Training', 'Biomechanics and Kinesiology', 'Business and Marketing Skills', 'client acquisition', '']"
Health and fitness,"['Biomechanics and Kinesiology', 'Fitness Assessment', 'nutritionist', 'Sports', 'Injury Prevention and Rehabilitation']5"
Health and fitness,"['International', 'Fitness', 'Health', 'Training']"
Health and fitness,"['Fitness', 'Training', 'Invoices', 'Queries', 'Health', 'Beverage', 'Hotel', 'Communication']"
Health and fitness,"['Reports', 'Fitness', 'Audio', 'Queries', 'Research', 'Healthcare', 'Sales', 'Operations', 'Reporting', 'Sas', 'Health', 'Design', 'Marketing', 'Supervising']"
Civil Engineer,"['Mathematics', 'Physics', 'CAD', 'Material Science', 'Geotechnical Engineering', 'Hydraulics and Hydrology', 'Construction Management', 'site coordination', 'Structural Design', 'Transportation Engineering', 'Planning and designing transportation systems', 'Environmental Engineering', 'Surveying and GIS', 'Risk Management', 'Construction Materials Testing', 'Project Estimation and Cost Control', 'Building Information Modeling (BIM)', 'Legal and Regulatory Compliance' ,'leadership and Team Management']"
Civil Engineer,"['Excel', 'Supervision', 'Cost management', 'Investigations', 'Supervising', 'Autocad', 'Pro v', 'Catia', 'word', 'excel', 'Photoshop', 'Industrial Visits', 'Infrastructure setup and Maintenance', 'Structural Design', 'Environmental Engineering', 'renovation', 'interior designing']"
Civil Engineer,"['AutoCAD', 'MS Office', 'indos 9x/2000/XP/Vista', 'Construction', 'Architecture', 'Procurement', 'Environmental Engineering', 'Excavation', 'Foundation', 'PCC', 'waterproofing', 'RCC and Shuttering', 'steel fixing', 'casting concrete', 'brick works and plastering', 'Tile fixing', 'Design', 'Drafting', 'Communication']"
Civil Engineer,"['Planning', 'Material Inspection', 'Monitoring Construction', 'Specifications', 'MS Office', 'Autocad', 'Installation', 'Material Science', 'Structural Analysis', 'Geotechnical Engineering','Mathematics', 'Physics']"
Civil Engineer,"['Site inspection', 'Consulting', 'Risk assessment', 'Environmental Engineering', 'Material Science', 'QA/QC Validation', 'Specifications', 'Safety Controls']"
Civil Engineer,"['Autocad', 'Material Science', 'Construction']6m"
Java Developer,"['Java', 'Servlet', 'JSP', 'Spring Boot', 'Html5', 'CSS', 'Bootstrap', 'Javascript', 'MySQL', 'JQuery', 'Ajax', 'Sublime', 'AngularJS', 'Eclipse', 'NetBeans', 'Spring tool suite', 'Atom', 'Indos XP, 7,8,10', 'KendoUI', 'Hibernate']"
Java Developer,"['Jsp', 'Programming', 'Java']"
Java Developer,"['Oracle', 'Java', 'Engineering', 'Linux', 'Sql', 'Design', 'System']"
Java Developer,"['Electronics', 'Java', 'Communication']"
Java Developer,"['C++', 'Inventory', 'Java', 'Ordering', 'Computer science', 'Engineering', 'Technical', 'Linux', 'Testing', 'Sql', 'Operating systems', 'C', 'Database', 'Invoicing', 'System', 'Inventory management']"
Java Developer,"['Web services', 'Budget', 'Jsp', 'C++', 'Automation', 'Xml', 'Process', 'Sql', 'C', 'Access', 'Analytical', 'Communication', 'Oracle', 'Java', 'Js', 'Json', 'Engineering', 'Pl/sql', 'Technical']"
Java Developer,"['Oracle', 'Analysis', 'Java', 'Css', 'Android', 'Mysql', 'Invoices', 'Xml', 'Shell', 'Technical', 'Testing', 'Migration', 'Billing', 'Documentation', 'Html']"
Java Developer,"['Oracle', 'C++', 'Mis', 'Java', 'Engineering', 'Android', 'Programming', 'Security', 'Mobile', 'Sql', 'Database', 'C', 'Access', 'System']"
Java Developer,"['C++', 'Excel', 'Java', 'Programming', 'C']"
Java Developer,"['Php', 'Oracle', 'Os', 'Jsp', 'Json', 'Java', 'Engineering', 'Mysql', 'Scripting', 'Linux', 'Js', 'Javascript', 'Database', 'Html']"
Java Developer,"['Os', 'Oracle', 'Jsp', 'C++', 'Java', 'Banking', 'Visual', 'Mysql', 'Programming', 'Security', 'Sql', 'C', 'System']"
Java Developer,"['Jsp', 'Java', 'Css', 'Sql', 'English', 'System', 'Html']"
Java Developer,"['Jsp', 'Json', 'Architecture', 'Java', 'Analysis', 'Css', 'Mysql', 'Scripting', 'Testing', 'Database', 'Javascript', 'Design', 'Html']"
Business Analyst,"['Communication Skills', 'Requirement gathering', 'Problem solving', 'Critical Thinking', 'Documentation' ,'Stakeholder Management', 'Data Analysis', 'Requirement elicitation', 'Project Management', 'Business Process Modelling', 'Audit Management']"
Business Analyst,"['Application Servers: IIS 6.0, Jboss 7.1', 'Sql', 'Oracle', 'DB2', 'Audit', 'iReports', 'Crystal report', 'Career Graph', 'Requirement elicitation', 'End user training', 'Documentation', 'Accounting', 'Recruitment (HRMS)', 'Pharmaceutical', 'Gap analysis', 'Drafting']"
Business Analyst,"['Requirement Gathering', 'Requirement Analysis', 'Design Specifications', 'Client Communication', 'System Documentation', 'Problem solving', 'SDLC Operating Systems', 'indos OS', 'UNIX (Linux/Ubuntu)', 'Java', 'C++', 'JavaScript', 'HTML', 'Citrix Software', 'System Architect', 'Quality Center v9.0 & v10.0', 'Tortoise SVN', 'DOORS', 'Artifact Viewer', 'JformDesigner', 'JIRA', 'Microsoft D365', 'Microsoft Office', 'MS Excel', 'MS PowerPoint', 'MS Visio', 'AutoCAD', 'VLSI', 'MS-CIT Certified', 'Automation', 'Training', 'Functional Testing', 'Gap Analysis', 'Regression Testing', 'Prototyping', 'Documentation', 'Planning', 'Research', 'Presentations']"
Business Analyst,"['Bizagi', 'MS Visio', 'Indigo Studio', 'MS Office', 'Testing Proficiency: Smoke, Sanity, Integration, Functional, Acceptance', 'Waterfall', 'Agile (Scrum)', 'SQL', 'HPQC business exposure', 'Prototype', 'Documentation', 'Client Management', 'Flow analysis', 'Preparation of BRD and SRS', 'Team Coordination', 'Presentation', 'Prototyping', 'Process improvement', 'Research', 'Operations management', 'Inventory management']",4Y
Business Analyst,"['Indos', 'MS Office', 'HTML', 'JAVA', 'PHP', 'Business process', 'Risk Management', 'Stakeholder Management', 'Communication', 'Audit', 'timesheet validation']", 2Y
Business Analyst,"['Reports', 'Excel', 'Mis', 'Research', 'Sales', 'Reporting', 'Client Management']",1Y
SAP Developer,"['Warehousing', 'Audit', 'Oracle', 'Java', 'SAP BODS', 'SAP BO', 'Sybase', 'Apache', 'Etl', 'Tomcat', 'Indos', 'Sql/PL SQL', 'Python', 'Troubleshooting']",1Y
SAP Developer,"['SAP Business Intelligence', 'SAP BO', 'Design Studio', 'IDT', 'webi', 'UDT', 'CMC activities', 'DB HANA', 'B', 'Bex Queries', 'SQL', 'Teradata DB', 'HPMS ticketing tool', 'Documentation', 'Business object']",6Y
SAP Developer,"['SAP HANA', 'SAP BO', 'Power BI', 'HPALM', 'Sharepoint', 'Remedy tool', 'Charm/Solmon', 'PLANVIZ', 'SLT and SDA', 'SAP Logon', 'SAP ECC 6.0', 'B', 'webi']",5Y
SAP Developer,"['SAP', 'Documentation', 'ABAP Programming', 'SAP Configuration', 'Data Dictionary', 'SAP Configuration', 'Contracts']",3Y
SAP Developer,"['Consultancy', 'SAP', 'Design', 'Documentation']",6M
SAP Developer,"['ABAP Programming', 'SAP', 'ALE/IDOC/oDATA/Fiori/S4HANA/EM/APO/Retail', 'SAP Netweaver Gateway / oData / Fiori', 'SAP S/4HANA', 'SAP Techno Functional', 'SAP SD', 'SAP modules like MM, FI, CO, SD, PS, PP, CS, PM, QM and HR', 'IS-Auto', 'IS-Retail', 'SCM 7.0', 'SOLMAN', 'SAP GTS', 'SAP PI 7.3', 'SAP BI 7.0/ 7.3', 'Vistex', 'ProShip', 'HPQC', 'IBM ManageNo', 'CA service desk', 'Loftware', 'Data Matrix', 'Communication']",13Y
Automation Testing,"['Jira', 'Kanban', 'Extreme Programming (XP)', 'Python', 'Database', 'Test Driven Development (TDD)', 'Html', 'Feature Driven development(FDD)', 'C++', 'Domain Industrial Automation', 'Retail', 'Banking', 'Insurance', 'Health care', 'Automation Framework Modular', 'Data driven', 'BPT', 'HP UFT', 'TAF', 'Load Runner', 'Selenium', 'Rational Robot', 'DCMTK', 'sikuli languages', 'VB Script', 'C++', 'Shell Script', 'Bug Tracking Tool: Bugzilla', 'Jira', 'HP Quality Control', 'AP Test', 'Clear Quest Version management Clear case in CVS', 'SVN Database', 'Oracle', 'SQL server', 'MySQL', 'Netork Protocols TCP/IP, HTTP, HTTPS, VPN, FTP, LDAP', 'Healthcare DICOM', 'PACS', 'HL7', 'Image Archiving', 'Image reconstruction', 'Rockell Automation Logix Designer', 'Factory Talk', 'RSLinx Classic', 'Control Flash', 'Compare Tool', 'I/O modules and Profiles', 'Javascript', 'Indos', 'Linux', 'VBScripts and QC', 'Engineering', 'Mysql', 'Installation', 'Linux', 'Fda', 'System', 'Selenium']",9Y1M
Automation Testing,"['Selenium', 'Test case', 'Shell Scripting', 'Redood tool', 'API Testing', 'Manual Testing', 'Bug tracking', 'Sanity', 'Ad hoc', 'Regression Testing', 'Data Driven framework', 'QA Ticketing', 'WebDriver 2.0', 'Smoke testing', 'Black Box Testing']",2Y
Automation Testing,"['Oracle 10g', 'Java', 'Automation Testing', 'WebDriver', 'IDE ', 'MySql Server 2000/2005', 'Indos-XP/7/10', 'Manual Testing', 'Selenium']",6M
Automation Testing,"['Shell Scripting', 'Automation Testing', 'HPQC/ALM Tool', 'WebDriver', 'Sikuli Language', 'Jira', 'AutoIT', 'Selenium']",2Y7M
Automation Testing,"['Rockell', 'Tido-suite', 'Step7-Microin SP2', 'Unity Pro XL', 'CX-Programmer', 'PL Software', 'Codesys and Versa Pro', 'PAC', 'Wonderware SCADA', 'CitectScada 7.4', 'HMI SCADA/iFIX', 'FactoryTalk View', 'DRIVES', 'MCC PANEL', 'VFD', 'Industrial Automation', 'Control Relay Logic and ladder logic', 'Industrial Instrumentation', 'Intouch', 'inCC', 'Handling VFD', 'Autocad', 'EPLAN', 'Motor Control', 'Calibration of Pressure gauge & Temperature gauge', 'Control Valve', 'Level or Flow measurements and control', 'Druck Injector', 'Smart DP transmitter (HART COMMUNICATOR), 'Hand Tools', 'Tubes and Pipe fitting', 'Cable Glanding', 'HONEYWELL DCS C-300', 'C', 'C++', 'Java', 'Mac-OS', 'Indos']",6M
Automation Testing,"['Automation Testing', 'Selenium', 'WebDriver', 'TestNG', 'Data Driven', 'Page Object Model', 'Eclipse', 'Postman', 'Maven', 'SVN', 'Jenkins', 'Java', 'Sql', 'C++', 'HTML', 'Javascript', 'Indos', 'ERP', 'E-Commerce', 'Ice faces 1.8.2', 'Ibatis 2.0', 'Jboss Seam', 'EJB 2.0', 'JSF 2.0', 'Rich Faces 4.1', 'Spring 3.2', 'Restful web services', 'Jersey API', 'Integration Testing', 'Functional Testing', 'System Testing', 'Regression Testing', 'API Testing']",6M
Automation Testing,"['Manual Testing', 'Automation Testing', 'Selenium IDE', 'TestNG', 'Selenium Grid', 'Jenkins', 'Apache POI', 'SDLC', 'White box Testing', 'Black Box Testing', 'Functional Testing', 'Integration Testing', 'System Testing', 'Test Case Design', 'Ad hoc', 'Smoke Testing', 'usability, reliability and exploratory testing', 'Globalization Testing', 'Compatibility Testing', 'STLC', 'Retesting', 'Defect Tracking and Lifecycle', 'JDBC', 'Servlets', 'JSP']",6M
Electrical Engineering,"['Management', 'MS Office', 'Nuclear Biological Chemical Defence', 'Damage Control', 'Safety']",10Y
Electrical Engineering,"['Troubleshooting and Maintenance of Electrical Equipments', 'Kirloskar', 'HT/LT Stitchgear', 'Circuit Analysis', 'Electronics Fundamentals', 'PLC/SCADA Operation', 'Relay Panels', 'Conventional Maintaining of Log Book and Check List', 'Electrical Safety']",1Y3M
Electrical Engineering,"['Automation Engineering', 'Hardware and software specification', 'Control philosophy for process automation', 'Technical documentation', 'O&M manuals preparation', 'Estimation value calculation for projects', 'Selection of Electrical Switchgear', 'Project scheduling and planning', 'Engineering designs and drawings', 'Technical specifications review', 'Process P&ID review', 'Vendor communication and evaluation', 'Power distribution SLD drawings', 'Cable route planning and scheduling', 'AutoCAD', 'Troubleshooting of electrical panels', 'VFD Drives', 'Programming of PLCs (Siemens S7-300, 1200, 1500, Et-200S Series & Allen-Bradley RS-Logix5000)', 'Troubleshooting of field instruments', 'Loop testing', m'aintenance & operation of various electrical power system equipment', 'Mechanical Maintenance']",1Y6M
Electrical Engineering,"['Maintenance', 'Installation', 'Basic Computer', 'Electrical Machine', 'Electrical wiring', 'Solar power Plant', 'Distribution Substation']",8M
Electrical Engineering,"['MS Office', 'Autocad', 'EPLAN', 'SAP-ERP', 'Fluent English', 'international standards and rules like ISO, ATEX, NFPA, IEC, NEC, Shell DEP', 'Electrical Sales', 'Electrical Marketing (HT/LT Panels, Bust Duct, Voltage Stabilizer)', 'Technical Design', 'Autocad', 'Customer Management', 'Market Survey', 'Negotiation', 'Business development', 'Electrical Single Line Diagram (SLD)', 'Factory Acceptance Test (FAT)', 'Site Acceptance Test (SAT)']",7Y
Operations Manager,"['Operations Management', 'Investment Management', 'Leadership and Management', 'Service Delivery Management', 'Project Management', 'Transitions Management', 'Talent Management', 'Client Relationship Management', 'Communication and Collaboration', 'Performance Management', 'Analytical and Problem-Solving Skills', 'Strategic Planning', 'Training and Development', 'Financial Management', 'Quality Check and Efficiency', 'Client Relationship Management', 'Team Management', 'Reporting', 'Problem Resolution and Decision Making', 'Motivation and Team Building', 'Data Analysis and Reporting', 'Billing Operations', 'Standard operating procedures', 'Daily operations', 'Spreadsheets', 'Documentation', 'Presentations', 'Troubleshooting']",3Y
Operations Manager,"['Operations Management', 'Enterprise Resource Planning (ERP)', 'SAGE', 'Flotilla', 'LM ERP', 'Tally 9', 'MS', 'Exceed 4000', 'MS OFFICE', 'Leadership and Management', 'Financial Management', Supply Chain and Logistics, 'Negotiation and Vendor Management', 'Project Management', 'Data Analysis and Reporting', 'Communication and Liaison', 'Inventory Management', 'Procurement and Purchase', 'ISO Standards and Compliance', 'Problem Solving and Decision Making', 'Soft Skills', 'Technical Skills', 'Customer Relationship Management (CRM)', 'Documentation and Reporting', 'Global Operations', 'HR Function']",8Y
Operations Manager,"['Operations Management', 'People Management', 'Customer Services', 'Management Information System (MIS)', 'Client Services Management', 'Cross Functional Coordination', 'Banking & Financial Services', 'Transaction Monitoring', 'ATM Operations', 'Prepaid Card Operations', 'Point of sale Operations', 'Communication', 'Email Management', 'Network Operations Center (NOC)', 'Satisfaction Management', 'Skill Development', 'Quality Management', 'Audit Management', 'Analytical and Problem-Solving', 'Relationship Building', 'Project Management', 'Technical Skills', 'Organizational Abilities', 'Leadership Qualities', 'Disaster Recovery-Production Recovery (DR-PR)', 'Know Your Customer (KYC)', 'Inventory Management']",6Y
Operations Manager,"['Operations Management', 'Project Management', 'Commercial Management', 'Quality Management', 'Client Relationship Management', 'Communication Skills', 'Estimation and Proposals', 'Technical Skills', 'Team Leadership', 'Risk Management', 'Client Presentations', 'ISO 9001:2008 Quality System', 'Commissioning', 'SAP System', 'Startup Experience', 'Resource Management', 'Documentation', 'Coordination', 'Internal Audits', 'Client Advising']",1Y
Python Developer,"['Numpy', 'image preprocessing (Opencv, PIL)', 'Testing', 'English', 'Python', 'Algorithms', 'RestAPI', 'MySQL', 'Django', 'HTML5', 'Debugging', 'Web Developement']",1Y3M
Python Developer,"['Ibm', 'Python', 'Agile', 'Postgresql', 'Html', 'Certification', 'SDLC', 'Customer Interaction', 'AS/400 Testing', 'Angular 6', 'Java', 'Agile', 'Web Scraping', 'Data Science', 'MongoDB', 'MySQL', 'Django', 'CSS', 'MOVEX ERP training (Techn: AS400/RPG/RPGLE)', 'M3 ERP training (Techn: Java)', 'Flask', 'API Development', 'PWS (Pivotal Wweb Service - Cloud Foundry)']",7Y
Python Developer,"['Html5', 'CSS', 'Jira', 'Django', 'Python', 'MySQL', 'Html', 'Oracle', 'Sqlite', 'Github', 'MongoDB', 'Restful web services', 'Windows', 'Unix', 'Sqlalchemy', 'Json', 'Pymysql', 'logger', 'Postman', 'Web Crawling']",2Y7M
Python Developer,"['Python Programming']",1M
Python Developer,"['Os: Ubuntu/Fedora/Cent OS/Windows', 'C++', 'C', 'Python', 'Tensorflow', 'Numpy', 'MySQL']",6M
Python Developer,"['MS Office', 'Numpy', 'Scripting', 'Java', 'Pandas', 'Mysql', 'HTML', 'Django', 'Matplotlib', 'Requests', 'Beautiful Soup', 'Web Scrapping', 'GUI Development']",1Y
DevOps Engineer,"['Html5', 'DotNet', 'Sharepoint', 'MySQL', 'Jira', 'Oracle', 'PL/SQL', 'Project Management', 'Cloud Computing', 'Windows', 'Azureweb', 'Matlab', 'Amazon AWS/ EC2 Cloud', 'XML/XAML/XSLT', 'Html', 'DHTML', 'JavaScript/JQuery/JSON', 'CSS3', 'AngularJS', 'WebAPI', 'Data Service', 'Github', 'VBScript', 'Node JS', 'Dynamic QA Activities', 'UI Design', 'C++', 'Java', 'Mobile Development', 'JSP', 'Swing', 'J2EE', 'Service Oriented Architecture (SOA)', 'C#', 'ASP.NET', 'CAPEX/OPEX', 'CollabNet', 'Machine learning', 'IOT Implementation', 'Crystal report', 'Escalation Management SSRS', 'Tableau', 'Micro Strategy', 'QlikView', 'IT Network/Infrastructure Monitoring tool Centreon', 'Cisco Meraki', 'BizTalk BAM', 'Leadership', 'Reporting & Documentation', 'Information Security management', 'Javascript', '3D Printing', 'WCF', 'WWF', 'N-Hibernet', 'NUnit Test', 'Telerik Controls', 'T-SQL', 'MOSS 2007', 'SSIS', 'Dreamweaver', 'VB.NET', 'Toad', 'JSP/Servlet/Swing', 'Macromedia Flash', 'Lotus Notes', 'VC ++', ']",12Y3M
DevOps Engineer,"['Security', 'Sales', 'English', 'Ibm', 'Python', 'Billing', 'Audit', 'Reports', 'Analysis', 'Automation', 'Program management', 'Scrum', 'Process', 'Mobile', 'Testing', 'Sql', 'Compliance', 'Finance', 'Oracle', 'Resource management', 'Agile', 'Metrics', 'Reporting', 'Proposal', 'Health', 'Documentation', 'Invoicing', 'Plan', 'Presentation', 'Engineering', 'Visual', 'Technical', 'Policies', 'Vendors', 'Engagement', 'System', 'Selenium']"
DevOps Engineer,"['Jira', 'Key performance indicators', 'Regulatory', 'Operations', 'Python', 'Design', 'Html', 'Php', 'Reports', 'Training', 'Scrum', 'International', 'Aws', 'Xml', 'C', 'Compliance', 'Kpi', 'Java', 'Agile', 'Javascript', 'Documentation', 'Js', 'Mysql', 'Improvement', 'Workflow', 'Technical', 'Policies', 'Research', 'Payroll', 'Erp', 'System']"
DevOps Engineer,"['Jira', 'Security', 'Scheduling', 'Forecasting', 'Automation', 'Sharepoint', 'Banking', 'Process', 'Testing', 'Sql', 'Communication', 'Cloud', 'Ui', 'Api', 'Engineering', 'Technical', 'Conversion', 'System', 'Selenium']"
DevOps Engineer,"['Servers', 'Ibm', 'Operations', 'Electronics', 'Windows', 'Database', 'Writing', 'Html', 'Reports', 'Analysis', 'Automation', 'Aws', 'Queries', 'Process', 'Shell', 'Scripting', 'Testing', 'Sql', 'Access', 'Recruit', 'Redhat', 'Unix', 'Oracle', 'Administration', 'Engineering', 'Mysql', 'Linux', 'Application support', 'Troubleshooting', 'System', 'Cloud']"
DevOps Engineer,"['Java', 'Css', 'Mysql', 'Aws', 'Pl/sql', 'Consulting', 'Windows', 'Sql', 'Operating systems', 'System', 'C', 'Javascript', 'Robot', 'Python', 'Matlab', 'Ubuntu', 'Cryptography', 'Html']"
DevOps Engineer,"['Servers', 'Analyze', 'Security', 'Sales', 'Electronics', 'Design', 'Reports', 'Architecture', 'Automation', 'Shell', 'Scripting', 'Testing', 'C', 'Marketing', 'Java', 'Controls', 'Programming', 'Schedules', 'Usability', 'Reporting', 'Documentation', 'Plan', 'Software development life cycle', 'Distribution', 'Engineering', 'Technical', 'Linux', 'Ansible', 'System']"
Network Security Engineer,"['Hardware', 'Routing', 'Requests', 'Engineering', 'Dns', 'Security', 'Itil', 'Process', 'Cisco', 'Ios', 'Updates', 'Electronics', 'Troubleshooting', 'Documentation', 'Plan', 'Analytical']"
Network Security Engineer,"['Routing', 'Dhcp', 'Protocols', 'Analyze', 'Networking', 'Security', 'Technical', 'Cisco', 'Logging', 'Accounting', 'Access', 'System', 'Communication']"
Network Security Engineer,"['Routing', 'Inventory', 'Lan', 'Security', 'Installation', 'Policies', 'Queries', 'English', 'Finance', 'Reporting', 'Administration', 'Troubleshooting', 'Content', 'Writing', 'Analytical', 'Communication']"
Network Security Engineer,"['Researching', 'Analyze', 'Security', 'Python', 'Design', 'Troubleshooting', 'Writing', 'Analysis', 'Customer requirements', 'Process', 'Access', 'Cisco', 'Administration', 'Hardware', 'Engineering', 'Networking', 'Change management', 'Technical', 'Itil', 'Emea', 'Vendors', 'Lan', 'Cloud']"
Network Security Engineer,"['Routing', 'Servers', 'Security', 'Active directory', 'System', 'Logging', 'P', 'Windows', 'Troubleshooting', 'Os', 'Reports', 'Certification', 'Inventory', 'Dns', 'Accounting', 'Oracle', 'Mis', 'Dhcp', 'Protocols', 'Schedules', 'Vmware', 'Cisco', 'Health', 'Administration', 'Api', 'Hardware', 'Wifi', 'Networking', 'Installation', 'Policies', 'Linux', 'Commissioning', 'Lan', 'Ubuntu', 'Inventory management']"
PMO,"['Financial management', 'Project Documentation', 'Risk management', 'SDLC', 'Project management fundamentals', 'MS office', 'Macros', 'Communication skills', 'Quality Analyst', 'Team handling', 'Governance', 'Forecasting', 'Documentation and Reporting', 'Collaboration', 'Change management', 'Resource management', 'Performance Metrics and KPIs', 'Stakeholder Management', 'Program Management', 'Executive Reporting', 'Decision-Making', 'Emotional Intelligence']",6Y
PMO,"['ITIL Management', 'Process Improvement', 'Project Process Audits', 'Planning and Scheduling', 'Risk management', 'SLA Management', 'Resource Management', 'Operations management', 'Recruitment', 'CA Clarity', 'Visio', 'MS Office', 'Workforce management', 'SAP- HR', 'MRS', 'CPRO', 'Confluence', 'MS Project', 'Sharepoint Reporting', 'Ticket Tool: Xtraction, CA Service Desk, I-Tracker', 'Training']",11Y
PMO,"['communication and networking skills', 'MIS Reporting and Documentation', 'Training and development', 'Sales', 'CORPORATE COMMUNICATIONS', 'Project Management Fundamentals', 'Collaboration', 'Performance Metrics and KPIs', 'Business Requirement Document (BRD)', 'Administration', 'Strategic alignment and Communication']",2Y6M
Database,"['Microsoft Window Server 2003/2008/2008 R2/2012', 'Jira', 'SQL Server', 'Sybase ASE Server', 'Audit', 'Oracle', 'MongoDB', 'HP Service Manager 7.0/9.0', 'Solar winds DPA', 'MongoDB OPS manager', 'web Server IIS 7.0', 'Linux', 'SSMS', 'DBArtisan', 'Studio 3T', 'SnapShot Manager', 'Troubleshooting', 'testing in QA, UAT & DEV environment', 'automating database administration', 'SMSQL', 'Ops Manager', 'Slipstream', 'shell scripting']",1Y
Database,"['Oracle 12c, 11g, 10g', 'weblogic 12c, 11g', 'Grid Infrastructure  RMAN  ASM', 'Middleware: OIM, OAM, SOA', 'OHS', 'Apache', 'Architecture Designs', 'Proof of Concepts', 'DevOps', 'scripting automation', 'Shell Scripting', 'Database Refresh/Cloning', 'Troubleshooting', 'OHS', 'apache', 'tomcat', 'performance monitoring & tuning using AWR and ADDM reports', 'logical backups (exp/imp)', 'datapump (expdp/impdp)', 'cold backups', 'hot backups', 'RMAN backup/restore', 'RMAN Duplication']",9Y
Database,"['Oracle v10, v11, v12', 'Python', 'R programming', 'linear regression', 'machine learning and statistical modelling techniques', 'Client management', 'Leadership qualities', 'Sql', 'Linux', 'IBM', 'Statistics 101', 'Big Data', 'Data Science', 'Troubleshooting', 'Business Analytics']",1Y6M
Database,"['MS SQL Server 2014/ 2017', 'Postgresql 9.5, 9.6', 'Oracle 11gR2', 'Redhat Linux', 'Oracle Linux', 'Windows Server 2012/ 2016', 'GUI/Silent DBCA', 'Architecture', 'File management', 'Space Management', 'User Management', 'Creating Roles and assigning Privileges/Roles in 11gR2', 'Troubleshooting', 'RMAN', '']",5Y1M
Database,"['MS Windows Server 2012/2008/XP', 'Jira', 'Core Java', 'MS LiteSpeed', 'Idera SQL Safe', 'SSMS', 'Upgrade Advisor', 'SQL Server Profiler', 'SCOM', 'Diagnostic Manager', 'Postgresql', 'Remedy', 'Tivoli TDP backup tool', 'MS SQL Server 2016/2014/2012/ 2008 R2/ 2008', 'Oracle 10g', 'Netezza Microsoft azure', 'Database mirroring', 'Performance tuning', 'Log shipping', 'Installation', 'upgrade', 'migration and patching', 'Client Management']",11Y
Database,"['Postgresql', 'Sql server', 'Oracle', 'Mysql', 'Linux', 'Troubleshooting', 'MariaDB', 'Windows', 'MongoDB']",1Y5M
Database,"['Mysql', 'Linux', 'Windows', 'Administration', 'security management' , 'queries optimization', 'Database purging']",2Y2M
Database,"['Migration', 'Windows Server 2012 R2', 'Windows 98', 'Windows 2000/ XP Tools', 'SQL* Loader', 'SQL*PLUS', 'OEM', 'Datapump', 'expdp/impdp', 'PLSQL Developer', 'Jenkins', 'Oracle 10g', 'Oracle 11g', 'Oracle 12c', 'Shell Scripting', 'Unix', 'Administration', 'Linux', 'Troubleshooting', 'RAC', 'Golden Gate', 'ASM', 'Dataguard', 'AWS cloud']",4Y
Database,"['Oracle 10g, 11g, 12c', 'Data pump', 'RMAN', 'Data guard', 'ASM', 'RAC', 'Golden Gate', 'OCC', 'PUTTY', 'SQLPLUS', 'Netbackup', 'SCOM', 'SCCM', 'VMWare Vsphere', 'RHEL 6.0', 'RHEL 6.5', 'UNIX', 'Microsoft Windows', 'Itil', 'Linux', 'Troubleshooting']",2Y
Database,"['MS SQL SERVER 2000/2005/2008 & 2012, 2014', 'WINDOWS XP/7', 'WINDOWS SERVER 2008, 12', 'SSMS', 'Performance Monitor', 'Sql profiler', 'SQL lite speed', 'Troubleshooting', 'DATABASE ADMINISTRATOR', 'MAINTENANCE', 'REPLICATION', 'Log shipping', 'clustering', 'performance tuning', 'database mirroring', 'Installation', 'configuration', 'upgradation', 'migration']",11Y
Database,"['Oracle 11g, 12c', 'Linux', 'Windows', 'Sql server', 'Troubleshooting', 'Monitoring backups', 'shell scripting']",4Y
Hadoop,"['Java', 'Hadoop', 'HDFS', 'Map-Reduce', 'Pig', 'Hive', 'Sqoop', 'Flume', 'Oozie', 'HBase', 'Spark', 'Scala', 'Linux', 'NoSQL', 'Storm', 'Tomcat', 'Putty', 'SVN', 'GitHub', 'IBM WwebSphere v8.5', 'Apache', 'Python', 'Cloudera', 'Shell scripting', 'Zookeeper', 'Oracle', 'PL/SQL', 'SQLPLUS', 'Kpi']",6M
Hadoop,"['APACHE HADOOP HDFS', 'APACHE HADOOP SQOOP', 'Map reduce', 'Scala', 'Sqoop', 'Eclipse', 'Windows', 'Github', 'Shell Scripting', 'Hadoop', 'Hive', 'Oracle', 'Java', 'Hbase', 'Mysql', 'Spark', 'Linux (CentOS)']",4Y1M
Hadoop,"['Windows 2007/08', 'Shell Scripting', 'Hadoop', 'HDFS', 'Sql', 'Hive', 'Spark', 'Tableau', 'SVN', 'Ubuntu', 'Linux', 'System Engineering', 'Sqoop', 'Flume', 'Pig', 'big data analytics', 'Scala', 'Map reduce', 'Cloudera']",2Y
Hadoop,"['Nosql', 'Map reduce', 'Python', 'Java', 'Windows', 'pig', 'Sqoop', 'Jsp', 'Scala', 'Jupyter', 'Shell Scripting', 'Hadoop-HDFS', 'Anaconda', 'Unix', 'Hive', 'Oracle 10g', 'Java', 'Hbase Oozie', 'Etl', 'Pyspark', 'Mysql', 'Spark', 'Tableau', 'HUE', 'Cassandra', 'Eclipse', 'Toad', 'FTP', 'Tectia', 'Putty', 'Autosys', 'Devops (RTC, RLM)', 'Tez', 'Yarn', 'Teradata']",3Y
Hadoop,"['Python', 'Apache', 'Html', 'Scala', 'Shell Scripting', 'Hadoop', 'Sql', 'Unix', 'Hive', 'Pig', 'Sqoop', 'Flume', 'Oozie', 'Impala', 'hdfs', 'Dataiku', 'Unravel', 'Cloudera', 'Putty', 'HUE', 'Cloudera', 'Eclipse', 'Benchmark', 'Spark', 'Map Reduce', 'regex Serde']",2Y7M
Hadoop,"['Html5', '.net', 'Ibm Rational Rose', 'J2EE', 'Map reduce', 'MySQL', 'Python', 'Windows', 'C++', 'Scala', 'Azure', 'Aws', 'Shell Scripting', 'Hadoop', 'Sql', 'C', 'Vista', 'Unix', 'R', 'Hive', 'Oracle (PL/SQL)', 'Java', 'Javascript', 'Css', 'Spark (K-means clustering, Random forest, Naive bayes)', 'Weka', 'Red Hat 7', 'Kerberos', 'Sqoop', '']",3Y1M
Hadoop,"['HDFS', 'Map reduce', 'Sqoop', 'Pig', 'Flume', 'Windows', 'Html', 'Scala', 'Shell Scripting', 'Hadoop', 'Unix', 'Hive', 'Java', 'Hbase', 'Etl', 'Mysql', 'SQL', 'PL/SQL', 'ETL (Informatica Power Center8.x/9.6, Talend 5.6)', 'Spark', 'Linux', 'Eclipse', 'Intellij Idea', 'Oracle 10/11g']",6M
ETL Developer,"['Jira', 'Informatica Powercenter (ver. 9.1 and 10)', 'Shell Scripting', 'Sql server', 'Sql', 'Unix', 'Etl', 'PL/SQL', 'Error debugging', 'Intellimatch (Reconciliation tool)', 'Autosys']",4Y
ETL Developer,"['Jira', 'Informatica', 'Oracle 11g', 'Facets 5.0 and Tidal', 'ETL', 'PL/sql', 'Unix', 'Facets', 'Putty']",3Y
ETL Developer,"['Talend', 'Big Data', 'Aws', 'Agile', 'Etl', 'Mysql', 'Informatica Powercenter', 'Microsoft SQL Server', 'Workbench', 'AWS Services', 'Redshift (TAC) Studio', 'Athena', 'Star', 'SQL', 'S3 Schema', 'Data Modelling', 'Data Integration', 'Data Warehouse']",1Y11M
ETL Developer,"['Data Warehouse', 'Etl', 'Sql', 'C', 'Unix', 'Ab intio', 'Datastage']",3Y
ETL Developer,"['Windows', 'Unix', 'Customer management', 'Oracle', 'PL/SQL', 'SQL', 'Financial reports', 'Etl', 'Business intelligence', 'Data Warehouse', 'Informatica', 'advert management', 'Billing and Provisioning', 'Financial reports', 'Management reports', 'Rejection reports']",3Y3M
DotNet Developer,"['Interactive', '.net', 'Coaching', 'Operations', 'Windows', 'Database', 'Html', 'Reports', 'Automation', 'Process', 'Scripting', 'Travel', 'Testing', 'Sql', 'Sql server', 'C', 'Accounting', 'Hospital', 'Mortgage', 'Ui', 'Javascript', 'Documentation', 'Administration', 'Cms', 'Json', 'Presentation', 'Css', 'Visual', 'Technical', 'C#', 'Asp', 'Coding', 'System']"
DotNet Developer,"['Access', 'Html5', 'Excel', 'Word', 'Visual', 'Programming', 'Technical', 'Scheduling', 'Security', 'Sql server', 'Sql', 'Pdf', 'Database', 'Api']"
DotNet Developer,"['Reports', 'C++', 'Css', 'Controls', 'Visual', 'Technical', 'Ui', 'Sql server', '.net', 'Asp', 'Sql', 'Reporting', 'C', 'Database', 'Html']"
DotNet Developer,"['Css', 'Sql server', 'English', 'Asp', 'Sql', 'C#', 'C', 'Sports', 'Html']"
DotNet Developer,"['.net', 'Html', 'Architecture', 'Training', 'Logistics', 'Sql server', 'Sql', 'Crm', 'C', 'Access', 'Transport', 'Javascript', 'Presentation', 'Css', 'Visual', 'Technical', 'C#', 'Asp', 'System']"
DotNet Developer,['Erp']
DotNet Developer,"['.net', 'Database', 'Design', 'Html', 'Testing', 'Sql', 'Sql server', 'Crm', 'C', 'Recruit', 'Agile', 'Controls', 'Programming', 'Schedules', 'Javascript', 'Rest', 'Content', 'Api', 'Js', 'Cms', 'Json', 'Visual', 'C#', 'Asp', 'Legal', 'Coding', 'System']"
Blockchain,"['Api', 'Writing', 'Engineering', 'English', 'Transactions', 'System', 'Contracts']"
Blockchain,"['Api', 'Reports', 'Computer science', 'Analytics', 'Writing', 'Engineering', 'Mysql', 'Aws', 'Docker', 'Operations', 'System', 'Ecommerce', 'Database', 'Finance', 'Postgresql', 'Contracts', 'Startup', 'Php']"
Blockchain,"['Video', 'C++', 'Html5', 'Java', 'Engineering', 'Mysql', 'Django', 'Safety', 'Mining', 'Apex', 'System', 'Crm', 'C', 'Python', 'Database', 'Salesforce', 'Administration']"
Blockchain,"['Routing', 'Telecom', 'System', 'Windows', 'Database', 'Operating systems', 'Postgresql', 'Soap', 'Php', 'Html', 'Audit', 'C++', 'Inventory', 'Training', 'Fabric', 'Scripting', 'Sql', 'Crm', 'C', 'Oracle', 'Java', 'Protocols', 'Javascript', 'Rest', 'Content', 'Api', 'Js', 'Css', 'Networking', 'Mysql', 'Erp', 'Ubuntu']"
Blockchain,"['Startup', 'Prototype', 'Java', 'Banking', 'Engineering', 'Networking', 'International', 'Programming', 'Research', 'Sales', 'System', 'C', 'Machine learning', 'Data analytics', 'Analytics', 'Marketing', 'Cloud']"
Testing,"['Reports', 'Certification', 'Analysis', 'Distribution', 'Analyze', 'Engineering', 'Process', 'Iso', 'Research', 'Testing', 'Commissioning', 'Assembly', 'Documentation']"
Testing,"['Testing', 'Electronics', 'Electrical', 'System', 'Analytical']"
Testing,"['Excel', 'Java', 'Automation', 'Word', 'Android', 'Networking', 'Linux', 'Testing', 'Powerpoint', 'C', 'Database', 'System', 'Selenium']"
Testing,"['Excel', 'Word', 'Engineering', 'Windows', 'Testing', 'Research', 'Crm', 'Electrical', 'Try']"
Testing,"['Hardware', 'Analyze', 'Engineering', 'Regulations', 'Process', 'Technical', 'Policies', 'Testing', 'Electronics', 'C', 'Windows', 'Compliance', 'Assembly', 'System', 'Plan', 'Schematics']"
Testing,"['Hardware', 'Testing', 'Electronics', 'C', 'Matrix', 'Design', 'Matlab', 'System']"
Testing,"['Security', 'Windows', 'Database', 'Html', 'Os', 'Reports', 'Automation', 'Process', 'Mobile', 'Testing', 'Sql', 'Sql server', 'Hospital', 'Java', 'Android', 'Test cases', 'Test plans', 'Reporting', 'Css', 'Mysql', 'System']"
